type,name,amount,balance,apr,minPayment,date,category,note,debtName,target,current,month,day,dueDay,kind,monthsLeft,term_months,brand
income,Gaji,5100,,,,,,,,,,2026-06,25,,,,,
income,Freelance design,850,,,,,,,,,,2026-06,18,,,,,
income,Gaji,5100,,,,,,,,,,2026-07,25,,,,,
income,Freelance design,600,,,,,,,,,,2026-07,18,,,,,
income,Gaji,5100,,,,,,,,,,2026-08,25,,,,,
expense,Sewa bilik,1200,,,,,,,,,,2026-06,1,,,,,
expense,Netflix + Spotify,55,,,,,,,,,,2026-06,3,,,,,
expense,Insurans medical card,210,,,,,,,,,,2026-06,5,,,,,
expense,Unifi 100Mbps,139,,,,,,,,,,2026-06,8,,,,,
expense,Telefon postpaid,78,,,,,,,,,,2026-06,12,,,,,
expense,Utilities (TNB),176.96,,,,,,,,,,2026-06,12,,,,,
expense,Air Selangor,28.34,,,,,,,,,,2026-06,15,,,,,
expense,Sewa bilik,1200,,,,,,,,,,2026-07,1,,,,,
expense,Netflix + Spotify,55,,,,,,,,,,2026-07,3,,,,,
expense,Insurans medical card,210,,,,,,,,,,2026-07,5,,,,,
expense,Unifi 100Mbps,139,,,,,,,,,,2026-07,8,,,,,
expense,Telefon postpaid,78,,,,,,,,,,2026-07,12,,,,,
expense,Utilities (TNB),148.71,,,,,,,,,,2026-07,12,,,,,
expense,Air Selangor,31.94,,,,,,,,,,2026-07,15,,,,,
expense,Sewa bilik,1200,,,,,,,,,,2026-08,1,,,,,
expense,Netflix + Spotify,55,,,,,,,,,,2026-08,3,,,,,
expense,Insurans medical card,210,,,,,,,,,,2026-08,5,,,,,
debt,Maybank card,,3240,18,162,,,,,,,,,15,standard,,,maybank
debt,PTPTN,,12400,1,150,,,,,,,,,28,standard,,,
debt,Kereta Myvi,,25070,,545,,,,,,,,,5,installment,46,84,
debt,SPayLater,,533.34,,266.67,,,,,,,,,18,installment,2,3,spaylater
debt,Atome — Uniqlo,,89.9,,89.9,,,,,,,,,22,installment,1,3,atome
saving,Simpanan kecemasan,,,,,,,,,15000,4200,,,,,,,
saving,Umrah 2027,,,,,,,,,8000,1150,,,,,,,
daily,,8.84,,,,2026-06-01,Food,Nasi lemak + kopi O,,,,,,,,,,
daily,,12.09,,,,2026-06-01,Food,Chicken rice,,,,,,,,,,
daily,,15.38,,,,2026-06-01,Food,Tealive,,,,,,,,,,
daily,,12.73,,,,2026-06-02,Food,Chicken rice,,,,,,,,,,
daily,,5.68,,,,2026-06-02,Transport,Parking,,,,,,,,,,
daily,,12.59,,,,2026-06-03,Food,Chicken rice,,,,,,,,,,
daily,,14.13,,,,2026-06-03,Food,Tealive,,,,,,,,,,
daily,,62.65,,,,2026-06-03,Transport,RON95 full tank,,,,,,,,,,
daily,,7.82,,,,2026-06-04,Food,Nasi lemak + kopi O,,,,,,,,,,
daily,,6.76,,,,2026-06-04,Food,Kuih pasar malam,,,,,,,,,,
daily,,6.75,,,,2026-06-05,Food,Roti canai + teh tarik,,,,,,,,,,
daily,,50,,,,2026-06-05,Transport,Touch 'n Go reload,,,,,,,,,,
daily,,7.67,,,,2026-06-07,Food,Kuih pasar malam,,,,,,,,,,
daily,,39.76,,,,2026-06-07,Entertainment,GSC,,,,,,,,,,
daily,,10.07,,,,2026-06-08,Food,Economy rice,,,,,,,,,,
daily,,15.96,,,,2026-06-08,Food,Mamak dinner,,,,,,,,,,
daily,,14.7,,,,2026-06-09,Food,Mamak dinner,,,,,,,,,,
daily,,12.31,,,,2026-06-10,Food,Economy rice,,,,,,,,,,
daily,,42.24,,,,2026-06-10,Food,Dinner dengan geng,,,,,,,,,,
daily,,65.81,,,,2026-06-10,Transport,RON95 full tank,,,,,,,,,,
daily,,8.13,,,,2026-06-11,Food,Nasi lemak + kopi O,,,,,,,,,,
daily,,15.25,,,,2026-06-11,Food,Lunch food court KLCC,,,,,,,,,,
daily,,10.74,,,,2026-06-12,Food,Economy rice,,,,,,,,,,
daily,,6.96,,,,2026-06-12,Food,Kuih pasar malam,,,,,,,,,,
daily,,16.44,,,,2026-06-13,Food,Tapau dinner,,,,,,,,,,
daily,,7.75,,,,2026-06-13,Food,Kuih pasar malam,,,,,,,,,,
daily,,12.09,,,,2026-06-14,Food,Mamak dinner,,,,,,,,,,
daily,,7.07,,,,2026-06-14,Transport,Parking,,,,,,,,,,
daily,,8.25,,,,2026-06-15,Food,Nasi lemak + kopi O,,,,,,,,,,
daily,,12.52,,,,2026-06-15,Food,Nasi campur 2 lauk,,,,,,,,,,
daily,,12.86,,,,2026-06-15,Food,Mamak dinner,,,,,,,,,,
daily,,34.49,,,,2026-06-15,Entertainment,Board game cafe,,,,,,,,,,
daily,,10.88,,,,2026-06-16,Food,Economy rice,,,,,,,,,,
daily,,34.55,,,,2026-06-16,Others,Topup parents,,,,,,,,,,
daily,,13.09,,,,2026-06-17,Food,Kopitiam breakfast set,,,,,,,,,,
daily,,15.24,,,,2026-06-17,Food,Lunch food court KLCC,,,,,,,,,,
daily,,14.23,,,,2026-06-17,Food,Mamak dinner,,,,,,,,,,
daily,,18.3,,,,2026-06-17,Food,Starbucks,,,,,,,,,,
daily,,71.93,,,,2026-06-17,Transport,RON95 full tank,,,,,,,,,,
daily,,116.96,,,,2026-06-17,Shopping,Decathlon,,,,,,,,,,
daily,,17.98,,,,2026-06-18,Food,Lunch food court KLCC,,,,,,,,,,
daily,,13.61,,,,2026-06-18,Food,Mamak dinner,,,,,,,,,,
daily,,13.41,,,,2026-06-18,Food,Tealive,,,,,,,,,,
daily,,22.78,,,,2026-06-18,Transport,Grab,,,,,,,,,,
daily,,8.44,,,,2026-06-19,Food,Nasi lemak + kopi O,,,,,,,,,,
daily,,11.88,,,,2026-06-19,Food,Chicken rice,,,,,,,,,,
daily,,5.17,,,,2026-06-19,Food,Kuih pasar malam,,,,,,,,,,
daily,,28.48,,,,2026-06-19,Groceries,99 Speedmart,,,,,,,,,,
daily,,16.84,,,,2026-06-20,Food,Tapau dinner,,,,,,,,,,
daily,,81.61,,,,2026-06-20,Groceries,Mydin,,,,,,,,,,
daily,,8.33,,,,2026-06-21,Food,Nasi lemak + kopi O,,,,,,,,,,
daily,,15.22,,,,2026-06-21,Food,Mamak dinner,,,,,,,,,,
daily,,6.23,,,,2026-06-21,Food,Kuih pasar malam,,,,,,,,,,
daily,,50,,,,2026-06-21,Transport,Touch 'n Go reload,,,,,,,,,,
daily,,87.51,,,,2026-06-21,Groceries,Jaya Grocer,,,,,,,,,,
daily,,16.57,,,,2026-06-22,Food,Lunch food court KLCC,,,,,,,,,,
daily,,66.73,,,,2026-06-22,Shopping,Watsons,,,,,,,,,,
daily,,8.29,,,,2026-06-23,Food,Roti canai + teh tarik,,,,,,,,,,
daily,,10.19,,,,2026-06-23,Food,Economy rice,,,,,,,,,,
daily,,14.58,,,,2026-06-23,Food,Tapau dinner,,,,,,,,,,
daily,,41.8,,,,2026-06-23,Groceries,99 Speedmart,,,,,,,,,,
daily,,8.3,,,,2026-06-24,Food,Nasi lemak + kopi O,,,,,,,,,,
daily,,14.44,,,,2026-06-24,Food,Chicken rice,,,,,,,,,,
daily,,73.42,,,,2026-06-24,Transport,RON95 full tank,,,,,,,,,,
daily,,50.12,,,,2026-06-24,Entertainment,GSC,,,,,,,,,,
daily,,11.17,,,,2026-06-25,Food,Kopitiam breakfast set,,,,,,,,,,
daily,,11.03,,,,2026-06-25,Food,Chicken rice,,,,,,,,,,
daily,,11.57,,,,2026-06-26,Food,Kopitiam breakfast set,,,,,,,,,,
daily,,12.74,,,,2026-06-26,Food,Nasi campur 2 lauk,,,,,,,,,,
daily,,38.93,,,,2026-06-26,Food,Dinner dengan geng,,,,,,,,,,
daily,,14.09,,,,2026-06-26,Food,Tealive,,,,,,,,,,
daily,,4.5,,,,2026-06-26,Transport,Parking,,,,,,,,,,
daily,,89.51,,,,2026-06-26,Shopping,Uniqlo,,,,,,,,,,
daily,,9,,,,2026-06-27,Food,Nasi lemak + kopi O,,,,,,,,,,
daily,,32.77,,,,2026-06-27,Food,Dinner dengan geng,,,,,,,,,,
daily,,19.86,,,,2026-06-27,Food,Starbucks,,,,,,,,,,
daily,,79.58,,,,2026-06-27,Groceries,Jaya Grocer,,,,,,,,,,
daily,,62.93,,,,2026-06-27,Shopping,Uniqlo,,,,,,,,,,
daily,,15.07,,,,2026-06-28,Food,Tapau dinner,,,,,,,,,,
daily,,55.96,,,,2026-06-28,Entertainment,Board game cafe,,,,,,,,,,
daily,,11.06,,,,2026-06-29,Food,Nasi campur 2 lauk,,,,,,,,,,
daily,,52.87,,,,2026-06-29,Entertainment,Board game cafe,,,,,,,,,,
daily,,7.83,,,,2026-06-30,Food,Nasi lemak + kopi O,,,,,,,,,,
daily,,11.3,,,,2026-06-30,Food,Economy rice,,,,,,,,,,
daily,,49.79,,,,2026-06-30,Shopping,Decathlon,,,,,,,,,,
daily,,250,,,,2026-06-14,Others,Angpow kahwin sepupu,,,,,,,,,,
daily,,120,,,,2026-06-09,Health,Scaling gigi,,,,,,,,,,
daily,,12.82,,,,2026-07-01,Food,Kopitiam breakfast set,,,,,,,,,,
daily,,16.07,,,,2026-07-01,Food,Lunch food court KLCC,,,,,,,,,,
daily,,30.47,,,,2026-07-01,Food,Dinner dengan geng,,,,,,,,,,
daily,,31.48,,,,2026-07-01,Groceries,99 Speedmart,,,,,,,,,,
daily,,8.44,,,,2026-07-02,Food,Nasi lemak + kopi O,,,,,,,,,,
daily,,11.08,,,,2026-07-02,Food,Nasi campur 2 lauk,,,,,,,,,,
daily,,7.06,,,,2026-07-02,Transport,Parking,,,,,,,,,,
daily,,8.8,,,,2026-07-03,Food,Nasi lemak + kopi O,,,,,,,,,,
daily,,11.63,,,,2026-07-03,Food,Economy rice,,,,,,,,,,
daily,,69.01,,,,2026-07-03,Transport,RON95 full tank,,,,,,,,,,
daily,,18.98,,,,2026-07-04,Food,Starbucks,,,,,,,,,,
daily,,17.79,,,,2026-07-04,Transport,Grab,,,,,,,,,,
daily,,8.1,,,,2026-07-05,Food,Kuih pasar malam,,,,,,,,,,
daily,,50,,,,2026-07-05,Transport,Touch 'n Go reload,,,,,,,,,,
daily,,90.86,,,,2026-07-05,Groceries,Lotus's,,,,,,,,,,
daily,,16.68,,,,2026-07-06,Food,Lunch food court KLCC,,,,,,,,,,
daily,,19.38,,,,2026-07-06,Transport,Grab,,,,,,,,,,
daily,,7.84,,,,2026-07-07,Food,Nasi lemak + kopi O,,,,,,,,,,
daily,,11.21,,,,2026-07-07,Food,Nasi campur 2 lauk,,,,,,,,,,
daily,,17.46,,,,2026-07-07,Food,Mamak dinner,,,,,,,,,,
daily,,7.59,,,,2026-07-09,Food,Nasi lemak + kopi O,,,,,,,,,,
daily,,16.61,,,,2026-07-09,Food,Tapau dinner,,,,,,,,,,
daily,,6.83,,,,2026-07-10,Food,Roti canai + teh tarik,,,,,,,,,,
daily,,72.6,,,,2026-07-10,Transport,RON95 full tank,,,,,,,,,,
daily,,18.76,,,,2026-07-11,Groceries,99 Speedmart,,,,,,,,,,
daily,,54.64,,,,2026-07-11,Health,Guardian,,,,,,,,,,
daily,,28.99,,,,2026-07-13,Groceries,99 Speedmart,,,,,,,,,,
daily,,11.08,,,,2026-07-14,Food,Chicken rice,,,,,,,,,,
daily,,39.87,,,,2026-07-14,Food,Dinner dengan geng,,,,,,,,,,
daily,,7.63,,,,2026-07-14,Transport,Parking,,,,,,,,,,
daily,,7.59,,,,2026-07-15,Food,Nasi lemak + kopi O,,,,,,,,,,
daily,,16.67,,,,2026-07-15,Food,Lunch food court KLCC,,,,,,,,,,
daily,,15.84,,,,2026-07-15,Food,Mamak dinner,,,,,,,,,,
daily,,17.44,,,,2026-07-15,Transport,Grab,,,,,,,,,,
daily,,98.27,,,,2026-07-15,Shopping,Watsons,,,,,,,,,,
daily,,16.8,,,,2026-07-16,Food,Lunch food court KLCC,,,,,,,,,,
daily,,16.14,,,,2026-07-16,Food,Mamak dinner,,,,,,,,,,
daily,,9.26,,,,2026-07-17,Food,Nasi lemak + kopi O,,,,,,,,,,
daily,,11.08,,,,2026-07-17,Food,Chicken rice,,,,,,,,,,
daily,,72.5,,,,2026-07-17,Transport,RON95 full tank,,,,,,,,,,
daily,,7.36,,,,2026-07-18,Food,Roti canai + teh tarik,,,,,,,,,,
daily,,16.92,,,,2026-07-18,Food,Mamak dinner,,,,,,,,,,
daily,,105.58,,,,2026-07-18,Groceries,Mydin,,,,,,,,,,
daily,,65.03,,,,2026-07-18,Health,Klinik,,,,,,,,,,
daily,,8.78,,,,2026-07-19,Food,Nasi lemak + kopi O,,,,,,,,,,
daily,,15.02,,,,2026-07-20,Food,Lunch food court KLCC,,,,,,,,,,
daily,,25.7,,,,2026-07-20,Others,Barber,,,,,,,,,,
daily,,50,,,,2026-07-21,Transport,Touch 'n Go reload,,,,,,,,,,
daily,,8.44,,,,2026-07-22,Food,Roti canai + teh tarik,,,,,,,,,,
daily,,10.98,,,,2026-07-22,Food,Economy rice,,,,,,,,,,
daily,,44.38,,,,2026-07-22,Food,Dinner dengan geng,,,,,,,,,,
daily,,17.39,,,,2026-07-23,Food,Lunch food court KLCC,,,,,,,,,,
daily,,15.2,,,,2026-07-24,Food,Lunch food court KLCC,,,,,,,,,,
daily,,64.75,,,,2026-07-24,Transport,RON95 full tank,,,,,,,,,,
daily,,8.16,,,,2026-07-26,Food,Nasi lemak + kopi O,,,,,,,,,,
daily,,5.1,,,,2026-07-26,Transport,Parking,,,,,,,,,,
daily,,13.19,,,,2026-07-27,Food,Chicken rice,,,,,,,,,,
daily,,8.4,,,,2026-07-28,Food,Nasi lemak + kopi O,,,,,,,,,,
daily,,11.04,,,,2026-07-28,Food,Economy rice,,,,,,,,,,
daily,,16.97,,,,2026-07-28,Food,Tapau dinner,,,,,,,,,,
daily,,15.46,,,,2026-07-29,Food,Lunch food court KLCC,,,,,,,,,,
daily,,13.43,,,,2026-07-29,Food,Mamak dinner,,,,,,,,,,
daily,,39.97,,,,2026-07-29,Health,Klinik,,,,,,,,,,
daily,,31.79,,,,2026-07-29,Entertainment,Board game cafe,,,,,,,,,,
daily,,13.5,,,,2026-07-30,Food,Kopitiam breakfast set,,,,,,,,,,
daily,,13.62,,,,2026-07-30,Food,Nasi campur 2 lauk,,,,,,,,,,
daily,,13.55,,,,2026-07-30,Food,Tapau dinner,,,,,,,,,,
daily,,8.38,,,,2026-07-31,Food,Nasi lemak + kopi O,,,,,,,,,,
daily,,14.01,,,,2026-07-31,Food,Chicken rice,,,,,,,,,,
daily,,65.01,,,,2026-07-31,Transport,RON95 full tank,,,,,,,,,,
daily,,21.49,,,,2026-07-31,Transport,Grab,,,,,,,,,,
daily,,57.42,,,,2026-07-31,Shopping,Uniqlo,,,,,,,,,,
daily,,54.57,,,,2026-07-31,Entertainment,GSC,,,,,,,,,,
daily,,28.99,,,,2026-08-01,Health,Klinik,,,,,,,,,,
daily,,33.05,,,,2026-08-02,Food,Dinner dengan geng,,,,,,,,,,
daily,,6.59,,,,2026-08-02,Transport,Parking,,,,,,,,,,
daily,,116.78,,,,2026-08-02,Groceries,Jaya Grocer,,,,,,,,,,
daily,,7.12,,,,2026-08-03,Food,Roti canai + teh tarik,,,,,,,,,,
daily,,18.77,,,,2026-08-03,Food,Lunch food court KLCC,,,,,,,,,,
daily,,71.45,,,,2026-08-03,Transport,RON95 full tank,,,,,,,,,,
daily,,13.41,,,,2026-08-04,Food,Nasi campur 2 lauk,,,,,,,,,,
daily,,12.27,,,,2026-08-04,Food,Mamak dinner,,,,,,,,,,
daily,,13.14,,,,2026-08-05,Food,Chicken rice,,,,,,,,,,
daily,,50,,,,2026-08-05,Transport,Touch 'n Go reload,,,,,,,,,,
daily-debt,,545,,,,2026-06-05,,,Kereta Myvi,,,,,,,,,
daily-debt,,300,,,,2026-06-15,,,Maybank card,,,,,,,,,
daily-debt,,266.67,,,,2026-06-18,,,SPayLater,,,,,,,,,
daily-debt,,89.9,,,,2026-06-22,,,Atome — Uniqlo,,,,,,,,,
daily-debt,,150,,,,2026-06-28,,,PTPTN,,,,,,,,,
daily-debt,,545,,,,2026-07-05,,,Kereta Myvi,,,,,,,,,
daily-debt,,300,,,,2026-07-15,,,Maybank card,,,,,,,,,
daily-debt,,266.67,,,,2026-07-18,,,SPayLater,,,,,,,,,
daily-debt,,89.9,,,,2026-07-22,,,Atome — Uniqlo,,,,,,,,,
daily-debt,,150,,,,2026-07-28,,,PTPTN,,,,,,,,,
daily-debt,,545,,,,2026-08-05,,,Kereta Myvi,,,,,,,,,
daily-saving,Umrah 2027,150,,,,2026-06-26,,,,,,,,,,,,
daily-saving,Simpanan kecemasan,400,,,,2026-07-26,,,,,,,,,,,,
daily-saving,Umrah 2027,150,,,,2026-07-26,,,,,,,,,,,,
